flight_id,date,arrival_time,pax_total,pax_acaps,terminal,gate_id,day_of_week,season
WS125,2024-01-01,11:15,177,8,T1,E72,Monday,Winter
BA189,2024-01-01,15:45,88,1,T1,E78,Monday,Winter
F8617,2024-01-01,17:00,223,5,T1,E90,Monday,Winter
AA325,2024-01-01,15:30,81,3,T1,E75,Monday,Winter
AA448,2024-01-01,11:15,175,13,T1,E82,Monday,Winter
WS194,2024-01-01,12:00,171,7,T1,E80,Monday,Winter
AC847,2024-01-01,16:00,176,3,T1,E80,Monday,Winter
DL691,2024-01-01,06:00,131,8,T1,E80,Monday,Winter
WS975,2024-01-01,11:00,217,11,T1,E82,Monday,Winter
TS479,2024-01-01,09:15,291,14,T1,E72,Monday,Winter
TS646,2024-01-01,07:15,238,13,T1,E90,Monday,Winter
F8801,2024-01-01,11:00,178,12,T1,E82,Monday,Winter
AA374,2024-01-01,08:15,265,19,T1,E82,Monday,Winter
F8771,2024-01-01,15:45,244,8,T1,E80,Monday,Winter
TS352,2024-01-01,17:30,229,7,T1,E85,Monday,Winter
DL324,2024-01-01,11:45,143,10,T1,E72,Monday,Winter
TS742,2024-01-01,08:45,272,11,T1,E85,Monday,Winter
LH641,2024-01-01,08:00,294,20,T1,E90,Monday,Winter
UA887,2024-01-01,22:30,108,3,T1,E75,Monday,Winter
LH103,2024-01-01,22:30,208,8,T1,E90,Monday,Winter
WS991,2024-01-01,20:30,243,8,T1,E78,Monday,Winter
TS482,2024-01-01,08:00,273,14,T1,E70,Monday,Winter
WS471,2024-01-01,09:15,134,6,T1,E72,Monday,Winter
WS849,2024-01-01,14:00,216,9,T1,E75,Monday,Winter
LH662,2024-01-01,09:30,255,19,T1,E85,Monday,Winter
F8652,2024-01-01,18:15,159,5,T1,E82,Monday,Winter
LH629,2024-01-01,15:00,143,3,T1,E82,Monday,Winter
AC702,2024-01-01,16:15,230,6,T1,E72,Monday,Winter
AC334,2024-01-01,08:00,204,8,T1,E78,Monday,Winter
UA785,2024-01-01,14:15,218,5,T1,E88,Monday,Winter
F8903,2024-01-01,12:45,128,2,T1,E85,Monday,Winter
DL533,2024-01-01,16:45,93,3,T1,E72,Monday,Winter
AC512,2024-01-01,07:00,183,8,T1,E90,Monday,Winter
LH243,2024-01-01,12:15,151,5,T1,E72,Monday,Winter
LH927,2024-01-01,16:00,92,3,T1,E90,Monday,Winter
AC195,2024-01-01,06:15,224,13,T1,E78,Monday,Winter
AA160,2024-01-01,09:45,120,9,T1,E80,Monday,Winter
LH392,2024-01-01,12:45,119,3,T1,E78,Monday,Winter
AC693,2024-01-01,15:00,160,3,T1,E88,Monday,Winter
BA973,2024-01-01,13:15,94,4,T1,E72,Monday,Winter
TS170,2024-01-01,16:00,140,4,T1,E78,Monday,Winter
AC734,2024-01-01,10:45,288,18,T1,E90,Monday,Winter
DL367,2024-01-01,08:30,181,9,T1,E75,Monday,Winter
UA568,2024-01-01,10:00,122,7,T1,E72,Monday,Winter
WS650,2024-01-01,09:30,153,11,T1,E72,Monday,Winter
F8478,2024-01-02,06:15,232,17,T1,E80,Tuesday,Winter
BA108,2024-01-02,20:30,249,5,T1,E75,Tuesday,Winter
UA218,2024-01-02,07:15,189,9,T1,E78,Tuesday,Winter
DL308,2024-01-02,22:30,209,7,T1,E70,Tuesday,Winter
WS749,2024-01-02,12:30,91,1,T1,E75,Tuesday,Winter
UA265,2024-01-02,14:45,223,4,T1,E72,Tuesday,Winter
TS658,2024-01-02,10:30,269,16,T1,E85,Tuesday,Winter
TS142,2024-01-02,09:30,130,9,T1,E78,Tuesday,Winter
F8782,2024-01-02,07:30,263,19,T1,E85,Tuesday,Winter
TS342,2024-01-02,08:15,225,9,T1,E82,Tuesday,Winter
AA921,2024-01-02,20:15,148,3,T1,E72,Tuesday,Winter
AA993,2024-01-02,10:45,176,8,T1,E88,Tuesday,Winter
DL412,2024-01-02,11:15,126,8,T1,E85,Tuesday,Winter
DL385,2024-01-02,08:30,209,13,T1,E85,Tuesday,Winter
BA439,2024-01-02,09:00,186,8,T1,E80,Tuesday,Winter
AC211,2024-01-02,16:45,168,7,T1,E82,Tuesday,Winter
AA720,2024-01-02,17:00,178,8,T1,E78,Tuesday,Winter
UA145,2024-01-02,20:45,80,2,T1,E90,Tuesday,Winter
F8472,2024-01-02,13:00,250,11,T1,E82,Tuesday,Winter
WS837,2024-01-02,08:30,290,16,T1,E85,Tuesday,Winter
UA667,2024-01-02,10:15,227,15,T1,E85,Tuesday,Winter
TS730,2024-01-02,12:30,183,6,T1,E70,Tuesday,Winter
UA393,2024-01-02,08:45,268,17,T1,E82,Tuesday,Winter
LH552,2024-01-02,14:15,210,7,T1,E75,Tuesday,Winter
WS390,2024-01-02,17:30,103,4,T1,E78,Tuesday,Winter
UA330,2024-01-02,07:15,126,5,T1,E88,Tuesday,Winter
WS566,2024-01-02,17:15,178,6,T1,E78,Tuesday,Winter
TS771,2024-01-02,18:00,107,4,T1,E78,Tuesday,Winter
TS923,2024-01-02,19:45,92,3,T1,E72,Tuesday,Winter
LH236,2024-01-02,17:30,193,7,T1,E90,Tuesday,Winter
AA950,2024-01-02,16:45,120,5,T1,E88,Tuesday,Winter
LH365,2024-01-02,07:30,253,15,T1,E78,Tuesday,Winter
UA550,2024-01-02,09:30,180,9,T1,E82,Tuesday,Winter
BA182,2024-01-02,11:15,179,9,T1,E75,Tuesday,Winter
F8165,2024-01-02,17:45,164,5,T1,E85,Tuesday,Winter
AC311,2024-01-02,17:45,229,11,T1,E70,Tuesday,Winter
AA588,2024-01-02,06:30,196,13,T1,E85,Tuesday,Winter
BA865,2024-01-02,15:15,204,5,T1,E85,Tuesday,Winter
LH129,2024-01-02,13:30,183,7,T1,E88,Tuesday,Winter
TS737,2024-01-02,14:00,180,6,T1,E70,Tuesday,Winter
WS758,2024-01-02,12:15,198,5,T1,E80,Tuesday,Winter
AA435,2024-01-02,09:45,203,10,T1,E85,Tuesday,Winter
UA870,2024-01-02,17:30,100,3,T1,E90,Tuesday,Winter
AC458,2024-01-02,10:00,286,11,T1,E70,Tuesday,Winter
F8304,2024-01-02,08:15,181,8,T1,E72,Tuesday,Winter
F8576,2024-01-03,19:30,174,4,T1,E72,Wednesday,Winter
TS418,2024-01-03,07:00,199,12,T1,E85,Wednesday,Winter
AA832,2024-01-03,07:00,271,18,T1,E78,Wednesday,Winter
WS813,2024-01-03,08:00,264,18,T1,E82,Wednesday,Winter
BA538,2024-01-03,19:30,97,3,T1,E82,Wednesday,Winter
AC969,2024-01-03,17:45,107,3,T1,E82,Wednesday,Winter
LH824,2024-01-03,07:45,165,11,T1,E80,Wednesday,Winter
BA893,2024-01-03,13:45,191,8,T1,E80,Wednesday,Winter
DL972,2024-01-03,07:00,191,14,T1,E78,Wednesday,Winter
LH683,2024-01-03,18:45,166,3,T1,E82,Wednesday,Winter
TS599,2024-01-03,09:30,186,9,T1,E80,Wednesday,Winter
BA110,2024-01-03,12:15,101,2,T1,E85,Wednesday,Winter
LH668,2024-01-03,06:45,285,19,T1,E88,Wednesday,Winter
AC195,2024-01-03,07:15,223,15,T1,E80,Wednesday,Winter
DL584,2024-01-03,16:30,188,9,T1,E90,Wednesday,Winter
DL460,2024-01-03,19:45,149,4,T1,E78,Wednesday,Winter
WS838,2024-01-03,06:30,150,10,T1,E75,Wednesday,Winter
F8321,2024-01-03,13:30,230,11,T1,E90,Wednesday,Winter
UA202,2024-01-03,06:30,178,9,T1,E80,Wednesday,Winter
AC825,2024-01-03,14:15,150,3,T1,E70,Wednesday,Winter
BA399,2024-01-03,19:15,243,11,T1,E88,Wednesday,Winter
WS993,2024-01-03,07:30,240,14,T1,E82,Wednesday,Winter
TS152,2024-01-03,08:45,149,10,T1,E85,Wednesday,Winter
LH175,2024-01-03,13:00,118,2,T1,E80,Wednesday,Winter
WS354,2024-01-03,09:45,275,17,T1,E78,Wednesday,Winter
BA489,2024-01-03,15:45,156,7,T1,E85,Wednesday,Winter
UA682,2024-01-03,19:00,236,11,T1,E72,Wednesday,Winter
F8740,2024-01-03,09:30,289,12,T1,E78,Wednesday,Winter
TS665,2024-01-03,09:15,120,6,T1,E88,Wednesday,Winter
UA133,2024-01-03,11:30,300,15,T1,E88,Wednesday,Winter
WS803,2024-01-03,11:30,280,17,T1,E78,Wednesday,Winter
AA217,2024-01-03,15:15,245,5,T1,E80,Wednesday,Winter
TS173,2024-01-03,07:15,198,12,T1,E80,Wednesday,Winter
LH227,2024-01-03,17:30,183,8,T1,E90,Wednesday,Winter
BA605,2024-01-03,14:00,233,4,T1,E85,Wednesday,Winter
DL718,2024-01-03,08:00,143,7,T1,E70,Wednesday,Winter
UA690,2024-01-03,11:15,240,14,T1,E88,Wednesday,Winter
UA285,2024-01-03,14:45,242,10,T1,E72,Wednesday,Winter
LH456,2024-01-03,16:30,162,6,T1,E75,Wednesday,Winter
DL521,2024-01-03,18:45,153,6,T1,E85,Wednesday,Winter
BA137,2024-01-03,16:00,160,4,T1,E72,Wednesday,Winter
AA985,2024-01-03,17:00,248,11,T1,E88,Wednesday,Winter
AA155,2024-01-03,06:30,279,19,T1,E88,Wednesday,Winter
AC308,2024-01-03,10:15,193,11,T1,E88,Wednesday,Winter
WS129,2024-01-03,20:15,120,3,T1,E70,Wednesday,Winter
BA517,2024-01-04,11:15,149,8,T1,E72,Thursday,Winter
TS610,2024-01-04,21:30,210,8,T1,E85,Thursday,Winter
LH583,2024-01-04,07:45,261,11,T1,E78,Thursday,Winter
BA864,2024-01-04,11:00,190,13,T1,E85,Thursday,Winter
DL906,2024-01-04,16:30,80,2,T1,E80,Thursday,Winter
LH986,2024-01-04,07:45,257,15,T1,E82,Thursday,Winter
BA881,2024-01-04,15:45,196,9,T1,E78,Thursday,Winter
F8685,2024-01-04,13:15,185,3,T1,E88,Thursday,Winter
AA495,2024-01-04,19:15,206,10,T1,E75,Thursday,Winter
BA704,2024-01-04,06:00,232,10,T1,E88,Thursday,Winter
AC839,2024-01-04,06:45,287,22,T1,E72,Thursday,Winter
LH900,2024-01-04,09:30,279,18,T1,E72,Thursday,Winter
DL972,2024-01-04,21:45,161,6,T1,E88,Thursday,Winter
BA136,2024-01-04,19:00,140,5,T1,E80,Thursday,Winter
F8864,2024-01-04,11:45,145,10,T1,E72,Thursday,Winter
LH270,2024-01-04,18:30,87,1,T1,E70,Thursday,Winter
UA467,2024-01-04,11:45,157,7,T1,E85,Thursday,Winter
TS274,2024-01-04,10:00,276,20,T1,E78,Thursday,Winter
LH697,2024-01-04,06:15,238,15,T1,E88,Thursday,Winter
UA782,2024-01-04,07:45,193,12,T1,E75,Thursday,Winter
WS552,2024-01-04,08:30,283,22,T1,E80,Thursday,Winter
LH965,2024-01-04,08:15,218,16,T1,E72,Thursday,Winter
F8490,2024-01-04,13:30,227,6,T1,E80,Thursday,Winter
AC949,2024-01-04,19:45,150,3,T1,E70,Thursday,Winter
LH952,2024-01-04,06:15,275,19,T1,E78,Thursday,Winter
F8735,2024-01-04,08:15,280,12,T1,E70,Thursday,Winter
UA907,2024-01-04,14:00,228,7,T1,E75,Thursday,Winter
WS402,2024-01-04,11:45,164,7,T1,E90,Thursday,Winter
DL643,2024-01-04,16:30,122,3,T1,E88,Thursday,Winter
UA864,2024-01-04,07:00,239,18,T1,E75,Thursday,Winter
F8980,2024-01-04,21:45,222,6,T1,E85,Thursday,Winter
AC370,2024-01-04,14:00,196,6,T1,E80,Thursday,Winter
AA942,2024-01-04,21:30,107,4,T1,E88,Thursday,Winter
AC734,2024-01-04,17:30,236,6,T1,E72,Thursday,Winter
LH817,2024-01-04,08:45,149,6,T1,E70,Thursday,Winter
UA604,2024-01-04,08:00,180,13,T1,E75,Thursday,Winter
AA564,2024-01-04,11:45,270,18,T1,E75,Thursday,Winter
AA770,2024-01-04,06:45,277,15,T1,E80,Thursday,Winter
AC806,2024-01-04,11:15,233,13,T1,E78,Thursday,Winter
DL201,2024-01-04,22:30,219,10,T1,E82,Thursday,Winter
AC507,2024-01-04,11:15,151,11,T1,E88,Thursday,Winter
WS778,2024-01-04,09:00,132,9,T1,E78,Thursday,Winter
TS905,2024-01-04,12:15,97,4,T1,E90,Thursday,Winter
F8700,2024-01-04,09:15,204,14,T1,E70,Thursday,Winter
UA979,2024-01-04,06:15,258,12,T1,E75,Thursday,Winter
WS776,2024-01-05,09:15,123,6,T1,E78,Friday,Winter
DL116,2024-01-05,10:30,133,5,T1,E85,Friday,Winter
BA216,2024-01-05,08:45,234,16,T1,E90,Friday,Winter
WS562,2024-01-05,16:15,237,5,T1,E90,Friday,Winter
UA569,2024-01-05,22:00,95,4,T1,E85,Friday,Winter
AA802,2024-01-05,07:45,233,10,T1,E72,Friday,Winter
DL722,2024-01-05,06:00,152,7,T1,E90,Friday,Winter
DL490,2024-01-05,16:30,196,6,T1,E85,Friday,Winter
WS912,2024-01-05,19:00,247,9,T1,E90,Friday,Winter
F8540,2024-01-05,15:15,185,5,T1,E88,Friday,Winter
AA525,2024-01-05,06:30,229,12,T1,E80,Friday,Winter
DL256,2024-01-05,22:45,97,2,T1,E72,Friday,Winter
WS542,2024-01-05,06:30,153,9,T1,E90,Friday,Winter
BA437,2024-01-05,20:00,185,5,T1,E85,Friday,Winter
AC394,2024-01-05,16:30,170,3,T1,E90,Friday,Winter
F8258,2024-01-05,19:45,137,6,T1,E82,Friday,Winter
BA476,2024-01-05,08:30,266,13,T1,E85,Friday,Winter
BA885,2024-01-05,19:00,235,11,T1,E80,Friday,Winter
AC284,2024-01-05,10:30,206,11,T1,E75,Friday,Winter
TS679,2024-01-05,19:45,97,2,T1,E70,Friday,Winter
WS864,2024-01-05,13:15,176,5,T1,E82,Friday,Winter
TS478,2024-01-05,09:30,265,16,T1,E70,Friday,Winter
TS261,2024-01-05,19:00,100,2,T1,E85,Friday,Winter
LH721,2024-01-05,14:45,149,3,T1,E90,Friday,Winter
WS453,2024-01-05,13:00,152,6,T1,E88,Friday,Winter
BA783,2024-01-05,09:00,176,9,T1,E70,Friday,Winter
AC309,2024-01-05,08:15,155,10,T1,E80,Friday,Winter
DL222,2024-01-05,06:45,230,10,T1,E85,Friday,Winter
BA820,2024-01-05,11:30,138,7,T1,E70,Friday,Winter
AA119,2024-01-05,16:00,160,5,T1,E85,Friday,Winter
AA396,2024-01-05,08:45,125,9,T1,E75,Friday,Winter
LH951,2024-01-05,18:30,102,3,T1,E72,Friday,Winter
F8546,2024-01-05,15:45,214,4,T1,E80,Friday,Winter
DL326,2024-01-05,06:15,139,8,T1,E72,Friday,Winter
BA622,2024-01-05,06:30,209,14,T1,E75,Friday,Winter
F8205,2024-01-05,06:30,170,7,T1,E75,Friday,Winter
WS281,2024-01-05,20:45,198,8,T1,E88,Friday,Winter
DL984,2024-01-05,20:30,118,3,T1,E88,Friday,Winter
LH746,2024-01-05,08:30,271,11,T1,E90,Friday,Winter
WS417,2024-01-05,17:45,89,1,T1,E80,Friday,Winter
WS760,2024-01-05,11:45,238,15,T1,E70,Friday,Winter
LH929,2024-01-05,13:15,162,6,T1,E90,Friday,Winter
TS163,2024-01-05,15:00,167,8,T1,E72,Friday,Winter
BA761,2024-01-05,10:00,183,12,T1,E88,Friday,Winter
BA635,2024-01-05,18:15,173,5,T1,E80,Friday,Winter
AA518,2024-01-06,07:00,281,18,T1,E72,Saturday,Winter
DL196,2024-01-06,17:45,152,4,T1,E75,Saturday,Winter
DL183,2024-01-06,14:15,169,4,T1,E85,Saturday,Winter
TS709,2024-01-06,20:00,159,5,T1,E82,Saturday,Winter
TS786,2024-01-06,19:00,245,9,T1,E90,Saturday,Winter
DL118,2024-01-06,10:30,166,12,T1,E82,Saturday,Winter
LH296,2024-01-06,10:15,159,6,T1,E72,Saturday,Winter
BA889,2024-01-06,15:00,249,7,T1,E75,Saturday,Winter
AA257,2024-01-06,08:15,297,21,T1,E75,Saturday,Winter
LH144,2024-01-06,16:30,140,6,T1,E80,Saturday,Winter
LH339,2024-01-06,14:15,159,7,T1,E88,Saturday,Winter
F8476,2024-01-06,21:45,198,8,T1,E85,Saturday,Winter
BA640,2024-01-06,17:15,131,5,T1,E75,Saturday,Winter
UA153,2024-01-06,22:45,175,6,T1,E72,Saturday,Winter
BA971,2024-01-06,09:30,141,9,T1,E80,Saturday,Winter
LH625,2024-01-06,06:45,143,11,T1,E78,Saturday,Winter
LH457,2024-01-06,09:45,133,7,T1,E82,Saturday,Winter
F8495,2024-01-06,10:30,177,7,T1,E72,Saturday,Winter
DL910,2024-01-06,06:15,129,6,T1,E88,Saturday,Winter
TS877,2024-01-06,20:45,194,7,T1,E72,Saturday,Winter
AC362,2024-01-06,09:15,260,20,T1,E90,Saturday,Winter
AA213,2024-01-06,06:15,197,8,T1,E78,Saturday,Winter
AA754,2024-01-06,19:45,96,2,T1,E88,Saturday,Winter
BA116,2024-01-06,20:15,116,3,T1,E70,Saturday,Winter
DL346,2024-01-06,13:45,127,5,T1,E72,Saturday,Winter
BA469,2024-01-06,08:00,219,16,T1,E70,Saturday,Winter
AA482,2024-01-06,08:00,211,15,T1,E82,Saturday,Winter
F8850,2024-01-06,19:00,228,9,T1,E82,Saturday,Winter
TS145,2024-01-06,09:30,284,13,T1,E88,Saturday,Winter
LH746,2024-01-06,11:15,136,9,T1,E88,Saturday,Winter
AC400,2024-01-07,07:00,171,12,T1,E82,Sunday,Winter
UA627,2024-01-07,14:45,144,3,T1,E78,Sunday,Winter
UA465,2024-01-07,06:30,189,8,T1,E82,Sunday,Winter
AA509,2024-01-07,14:45,166,8,T1,E88,Sunday,Winter
LH476,2024-01-07,12:30,101,4,T1,E72,Sunday,Winter
AA716,2024-01-07,11:30,202,8,T1,E82,Sunday,Winter
UA413,2024-01-07,15:45,122,4,T1,E82,Sunday,Winter
LH143,2024-01-07,09:45,190,12,T1,E70,Sunday,Winter
WS787,2024-01-07,21:45,173,6,T1,E75,Sunday,Winter
AC246,2024-01-07,17:45,88,2,T1,E78,Sunday,Winter
DL470,2024-01-07,13:00,234,5,T1,E88,Sunday,Winter
DL480,2024-01-07,14:00,226,5,T1,E82,Sunday,Winter
AA421,2024-01-07,18:30,143,6,T1,E70,Sunday,Winter
TS611,2024-01-07,12:45,223,5,T1,E80,Sunday,Winter
LH319,2024-01-07,18:30,205,5,T1,E75,Sunday,Winter
WS562,2024-01-07,10:45,142,10,T1,E82,Sunday,Winter
DL826,2024-01-07,08:30,196,14,T1,E75,Sunday,Winter
DL620,2024-01-07,10:00,171,12,T1,E78,Sunday,Winter
LH126,2024-01-07,10:30,239,17,T1,E90,Sunday,Winter
TS726,2024-01-07,11:00,199,11,T1,E88,Sunday,Winter
BA520,2024-01-07,16:00,112,5,T1,E72,Sunday,Winter
LH577,2024-01-07,22:30,112,5,T1,E90,Sunday,Winter
TS886,2024-01-07,10:45,248,18,T1,E70,Sunday,Winter
WS630,2024-01-07,07:30,162,7,T1,E78,Sunday,Winter
DL631,2024-01-07,06:00,184,8,T1,E90,Sunday,Winter
UA228,2024-01-07,20:30,237,8,T1,E90,Sunday,Winter
TS706,2024-01-07,14:15,123,4,T1,E82,Sunday,Winter
AC945,2024-01-07,09:00,131,10,T1,E80,Sunday,Winter
F8885,2024-01-07,13:45,238,9,T1,E88,Sunday,Winter
BA396,2024-01-07,22:30,203,5,T1,E85,Sunday,Winter
UA564,2024-01-08,09:00,160,9,T1,E88,Monday,Winter
LH308,2024-01-08,07:15,200,14,T1,E82,Monday,Winter
DL508,2024-01-08,10:30,251,15,T1,E82,Monday,Winter
F8577,2024-01-08,09:30,235,11,T1,E72,Monday,Winter
AC397,2024-01-08,13:45,143,6,T1,E75,Monday,Winter
DL691,2024-01-08,22:30,128,5,T1,E88,Monday,Winter
BA578,2024-01-08,15:30,207,4,T1,E85,Monday,Winter
BA568,2024-01-08,06:15,269,14,T1,E70,Monday,Winter
UA606,2024-01-08,16:45,153,5,T1,E72,Monday,Winter
AA237,2024-01-08,09:30,223,12,T1,E85,Monday,Winter
AC683,2024-01-08,17:15,172,6,T1,E72,Monday,Winter
AA616,2024-01-08,15:30,239,9,T1,E72,Monday,Winter
TS199,2024-01-08,14:30,166,6,T1,E82,Monday,Winter
TS303,2024-01-08,17:45,208,4,T1,E70,Monday,Winter
TS830,2024-01-08,06:45,252,14,T1,E90,Monday,Winter
TS435,2024-01-08,18:30,121,3,T1,E80,Monday,Winter
DL619,2024-01-08,17:45,224,6,T1,E70,Monday,Winter
DL439,2024-01-08,21:00,186,6,T1,E70,Monday,Winter
LH371,2024-01-08,18:15,93,3,T1,E75,Monday,Winter
BA744,2024-01-08,22:45,117,5,T1,E78,Monday,Winter
AC686,2024-01-08,19:00,128,2,T1,E82,Monday,Winter
AA255,2024-01-08,16:15,185,6,T1,E88,Monday,Winter
AC822,2024-01-08,11:15,263,13,T1,E88,Monday,Winter
BA485,2024-01-08,10:15,237,18,T1,E82,Monday,Winter
BA462,2024-01-08,21:30,236,8,T1,E78,Monday,Winter
UA671,2024-01-08,08:15,196,13,T1,E78,Monday,Winter
LH424,2024-01-08,13:30,223,10,T1,E80,Monday,Winter
UA224,2024-01-08,13:45,181,8,T1,E75,Monday,Winter
UA143,2024-01-08,06:00,208,16,T1,E80,Monday,Winter
LH319,2024-01-08,07:30,263,17,T1,E75,Monday,Winter
WS730,2024-01-08,15:15,142,3,T1,E90,Monday,Winter
F8753,2024-01-08,11:00,145,8,T1,E88,Monday,Winter
WS797,2024-01-08,11:00,260,20,T1,E75,Monday,Winter
AA768,2024-01-08,12:45,246,6,T1,E80,Monday,Winter
DL392,2024-01-08,22:00,102,4,T1,E78,Monday,Winter
BA856,2024-01-08,22:00,124,4,T1,E75,Monday,Winter
AC956,2024-01-08,14:45,127,6,T1,E80,Monday,Winter
AC109,2024-01-08,08:00,205,10,T1,E90,Monday,Winter
BA605,2024-01-08,11:45,189,9,T1,E72,Monday,Winter
DL266,2024-01-08,16:30,127,2,T1,E82,Monday,Winter
UA681,2024-01-08,21:15,124,4,T1,E85,Monday,Winter
AA627,2024-01-08,11:00,222,14,T1,E75,Monday,Winter
TS588,2024-01-08,11:15,121,6,T1,E78,Monday,Winter
LH871,2024-01-08,10:30,197,12,T1,E70,Monday,Winter
UA769,2024-01-08,10:15,135,9,T1,E88,Monday,Winter
UA263,2024-01-09,15:30,110,4,T1,E80,Tuesday,Winter
DL729,2024-01-09,10:15,154,9,T1,E88,Tuesday,Winter
DL525,2024-01-09,19:45,217,9,T1,E78,Tuesday,Winter
F8796,2024-01-09,16:00,214,7,T1,E82,Tuesday,Winter
WS677,2024-01-09,08:00,260,19,T1,E78,Tuesday,Winter
BA253,2024-01-09,09:30,253,14,T1,E78,Tuesday,Winter
LH193,2024-01-09,17:45,94,3,T1,E90,Tuesday,Winter
AA567,2024-01-09,12:00,223,7,T1,E80,Tuesday,Winter
AC505,2024-01-09,08:00,175,11,T1,E70,Tuesday,Winter
AA452,2024-01-09,19:00,218,10,T1,E72,Tuesday,Winter
LH132,2024-01-09,06:45,166,11,T1,E85,Tuesday,Winter
DL491,2024-01-09,15:45,176,3,T1,E90,Tuesday,Winter
TS769,2024-01-09,08:00,165,13,T1,E85,Tuesday,Winter
BA230,2024-01-09,10:00,125,9,T1,E88,Tuesday,Winter
BA534,2024-01-09,14:45,138,3,T1,E82,Tuesday,Winter
TS382,2024-01-09,06:00,128,9,T1,E85,Tuesday,Winter
AC346,2024-01-09,08:00,145,9,T1,E88,Tuesday,Winter
AC350,2024-01-09,11:45,232,11,T1,E78,Tuesday,Winter
AC243,2024-01-09,16:30,139,6,T1,E82,Tuesday,Winter
DL342,2024-01-09,08:15,289,17,T1,E85,Tuesday,Winter
UA381,2024-01-09,07:15,280,18,T1,E90,Tuesday,Winter
LH148,2024-01-09,08:45,254,13,T1,E85,Tuesday,Winter
AA252,2024-01-09,08:45,167,11,T1,E88,Tuesday,Winter
F8969,2024-01-09,10:30,156,11,T1,E70,Tuesday,Winter
BA522,2024-01-09,17:15,179,4,T1,E78,Tuesday,Winter
DL762,2024-01-09,10:45,214,9,T1,E78,Tuesday,Winter
AC374,2024-01-09,12:00,98,2,T1,E90,Tuesday,Winter
F8590,2024-01-09,08:30,197,15,T1,E70,Tuesday,Winter
F8294,2024-01-09,09:45,182,12,T1,E78,Tuesday,Winter
AA345,2024-01-09,16:30,152,4,T1,E90,Tuesday,Winter
DL415,2024-01-09,09:30,251,18,T1,E88,Tuesday,Winter
WS922,2024-01-09,22:45,161,7,T1,E82,Tuesday,Winter
DL523,2024-01-09,11:15,157,6,T1,E90,Tuesday,Winter
AA402,2024-01-09,07:15,204,10,T1,E78,Tuesday,Winter
LH663,2024-01-09,18:30,145,6,T1,E88,Tuesday,Winter
LH571,2024-01-09,09:30,163,7,T1,E90,Tuesday,Winter
LH288,2024-01-09,15:00,214,4,T1,E72,Tuesday,Winter
AC882,2024-01-09,06:45,155,11,T1,E78,Tuesday,Winter
WS824,2024-01-09,07:00,175,10,T1,E82,Tuesday,Winter
AC732,2024-01-09,21:45,248,8,T1,E70,Tuesday,Winter
BA664,2024-01-09,16:00,84,3,T1,E80,Tuesday,Winter
BA393,2024-01-09,08:45,165,7,T1,E72,Tuesday,Winter
BA252,2024-01-09,06:15,278,16,T1,E82,Tuesday,Winter
UA914,2024-01-09,14:00,175,8,T1,E88,Tuesday,Winter
F8813,2024-01-09,10:30,295,21,T1,E72,Tuesday,Winter
AC195,2024-01-10,15:45,176,6,T1,E70,Wednesday,Winter
AC819,2024-01-10,09:00,247,18,T1,E82,Wednesday,Winter
WS640,2024-01-10,11:15,174,13,T1,E88,Wednesday,Winter
UA147,2024-01-10,09:30,259,16,T1,E70,Wednesday,Winter
TS970,2024-01-10,10:00,173,10,T1,E85,Wednesday,Winter
WS406,2024-01-10,08:15,265,19,T1,E85,Wednesday,Winter
BA439,2024-01-10,13:15,100,3,T1,E82,Wednesday,Winter
AC200,2024-01-10,13:15,99,2,T1,E85,Wednesday,Winter
DL130,2024-01-10,21:30,195,6,T1,E82,Wednesday,Winter
BA484,2024-01-10,13:15,229,9,T1,E72,Wednesday,Winter
UA917,2024-01-10,07:00,141,7,T1,E85,Wednesday,Winter
TS857,2024-01-10,13:30,172,3,T1,E70,Wednesday,Winter
UA555,2024-01-10,10:30,146,6,T1,E75,Wednesday,Winter
AA559,2024-01-10,17:45,106,2,T1,E82,Wednesday,Winter
BA195,2024-01-10,16:30,178,3,T1,E85,Wednesday,Winter
AA897,2024-01-10,10:15,266,16,T1,E85,Wednesday,Winter
TS242,2024-01-10,10:30,188,11,T1,E72,Wednesday,Winter
TS545,2024-01-10,11:45,196,11,T1,E72,Wednesday,Winter
DL357,2024-01-10,07:45,272,17,T1,E88,Wednesday,Winter
WS238,2024-01-10,08:00,221,11,T1,E85,Wednesday,Winter
DL550,2024-01-10,06:45,286,22,T1,E75,Wednesday,Winter
UA428,2024-01-10,17:15,202,5,T1,E85,Wednesday,Winter
DL398,2024-01-10,18:45,227,9,T1,E82,Wednesday,Winter
AA387,2024-01-10,14:30,109,5,T1,E78,Wednesday,Winter
BA284,2024-01-10,22:00,198,9,T1,E78,Wednesday,Winter
LH916,2024-01-10,07:00,224,14,T1,E75,Wednesday,Winter
UA347,2024-01-10,08:15,228,16,T1,E72,Wednesday,Winter
LH712,2024-01-10,13:45,216,7,T1,E85,Wednesday,Winter
BA137,2024-01-10,10:00,147,10,T1,E82,Wednesday,Winter
TS762,2024-01-10,18:00,224,11,T1,E85,Wednesday,Winter
DL915,2024-01-10,13:00,82,1,T1,E78,Wednesday,Winter
BA864,2024-01-10,12:15,194,6,T1,E88,Wednesday,Winter
BA254,2024-01-10,08:00,243,10,T1,E85,Wednesday,Winter
WS218,2024-01-10,06:30,199,10,T1,E78,Wednesday,Winter
BA594,2024-01-10,08:45,144,8,T1,E88,Wednesday,Winter
DL168,2024-01-10,08:00,149,6,T1,E82,Wednesday,Winter
WS793,2024-01-10,09:15,252,11,T1,E75,Wednesday,Winter
DL673,2024-01-10,12:45,139,6,T1,E75,Wednesday,Winter
TS755,2024-01-10,19:45,181,3,T1,E78,Wednesday,Winter
LH706,2024-01-10,12:45,81,3,T1,E78,Wednesday,Winter
UA870,2024-01-10,20:00,227,5,T1,E90,Wednesday,Winter
TS474,2024-01-10,11:15,237,10,T1,E88,Wednesday,Winter
BA754,2024-01-10,10:45,276,15,T1,E72,Wednesday,Winter
DL460,2024-01-10,16:15,156,7,T1,E72,Wednesday,Winter
TS420,2024-01-10,09:15,198,8,T1,E82,Wednesday,Winter
TS623,2024-01-11,13:45,232,5,T1,E85,Thursday,Winter
AA290,2024-01-11,14:15,222,5,T1,E80,Thursday,Winter
TS291,2024-01-11,10:45,278,11,T1,E82,Thursday,Winter
AC596,2024-01-11,11:15,218,17,T1,E90,Thursday,Winter
LH518,2024-01-11,22:45,186,7,T1,E88,Thursday,Winter
LH271,2024-01-11,10:00,176,9,T1,E80,Thursday,Winter
F8650,2024-01-11,06:15,237,14,T1,E88,Thursday,Winter
BA623,2024-01-11,08:00,188,13,T1,E82,Thursday,Winter
BA942,2024-01-11,11:45,259,12,T1,E85,Thursday,Winter
WS853,2024-01-11,18:15,156,7,T1,E70,Thursday,Winter
LH369,2024-01-11,08:00,232,17,T1,E72,Thursday,Winter
F8314,2024-01-11,15:30,236,9,T1,E75,Thursday,Winter
TS903,2024-01-11,08:15,135,8,T1,E90,Thursday,Winter
UA711,2024-01-11,14:15,162,7,T1,E80,Thursday,Winter
UA686,2024-01-11,10:00,154,12,T1,E85,Thursday,Winter
AC383,2024-01-11,18:15,113,3,T1,E82,Thursday,Winter
F8879,2024-01-11,21:45,205,4,T1,E80,Thursday,Winter
AA484,2024-01-11,15:00,242,10,T1,E72,Thursday,Winter
AA627,2024-01-11,11:30,236,18,T1,E82,Thursday,Winter
AC989,2024-01-11,11:45,282,18,T1,E82,Thursday,Winter
WS914,2024-01-11,14:45,135,6,T1,E78,Thursday,Winter
LH374,2024-01-11,11:30,206,12,T1,E75,Thursday,Winter
LH907,2024-01-11,07:00,131,5,T1,E88,Thursday,Winter
AC227,2024-01-11,08:45,236,9,T1,E85,Thursday,Winter
F8805,2024-01-11,10:30,160,11,T1,E80,Thursday,Winter
WS770,2024-01-11,10:30,141,7,T1,E75,Thursday,Winter
AC505,2024-01-11,20:30,139,4,T1,E72,Thursday,Winter
WS101,2024-01-11,09:45,139,6,T1,E78,Thursday,Winter
BA796,2024-01-11,14:00,82,3,T1,E72,Thursday,Winter
AA810,2024-01-11,10:45,138,6,T1,E72,Thursday,Winter
WS205,2024-01-11,10:30,196,8,T1,E75,Thursday,Winter
TS170,2024-01-11,13:00,236,9,T1,E88,Thursday,Winter
DL839,2024-01-11,09:15,225,14,T1,E88,Thursday,Winter
F8188,2024-01-11,06:15,151,9,T1,E85,Thursday,Winter
DL539,2024-01-11,10:15,183,9,T1,E72,Thursday,Winter
F8666,2024-01-11,16:30,86,3,T1,E80,Thursday,Winter
F8630,2024-01-11,17:15,180,5,T1,E70,Thursday,Winter
F8606,2024-01-11,13:00,141,4,T1,E72,Thursday,Winter
BA112,2024-01-11,10:30,153,8,T1,E85,Thursday,Winter
DL659,2024-01-11,22:15,200,9,T1,E72,Thursday,Winter
AC701,2024-01-11,08:00,187,9,T1,E70,Thursday,Winter
AA618,2024-01-11,06:45,228,15,T1,E72,Thursday,Winter
BA650,2024-01-11,18:15,151,3,T1,E72,Thursday,Winter
BA308,2024-01-11,07:30,220,13,T1,E72,Thursday,Winter
UA815,2024-01-11,13:15,94,2,T1,E85,Thursday,Winter
WS564,2024-01-12,18:00,159,6,T1,E75,Friday,Winter
WS112,2024-01-12,20:15,82,2,T1,E82,Friday,Winter
BA629,2024-01-12,22:30,122,3,T1,E80,Friday,Winter
WS889,2024-01-12,09:30,229,11,T1,E72,Friday,Winter
UA829,2024-01-12,13:00,207,6,T1,E82,Friday,Winter
AC611,2024-01-12,12:15,174,4,T1,E72,Friday,Winter
WS333,2024-01-12,17:00,91,4,T1,E70,Friday,Winter
F8147,2024-01-12,12:30,178,8,T1,E75,Friday,Winter
AC666,2024-01-12,21:45,137,4,T1,E85,Friday,Winter
DL377,2024-01-12,09:30,150,9,T1,E70,Friday,Winter
TS328,2024-01-12,12:00,182,4,T1,E88,Friday,Winter
UA892,2024-01-12,09:30,142,8,T1,E70,Friday,Winter
DL305,2024-01-12,07:30,279,13,T1,E82,Friday,Winter
LH891,2024-01-12,07:15,158,6,T1,E85,Friday,Winter
AC338,2024-01-12,15:30,242,10,T1,E70,Friday,Winter
DL101,2024-01-12,19:45,158,3,T1,E90,Friday,Winter
F8529,2024-01-12,14:00,116,4,T1,E72,Friday,Winter
AC337,2024-01-12,12:45,175,5,T1,E72,Friday,Winter
WS617,2024-01-12,11:45,139,8,T1,E70,Friday,Winter
AA778,2024-01-12,10:15,194,9,T1,E82,Friday,Winter
AA817,2024-01-12,11:30,235,11,T1,E72,Friday,Winter
F8239,2024-01-12,14:00,119,2,T1,E88,Friday,Winter
LH421,2024-01-12,16:00,217,6,T1,E78,Friday,Winter
LH415,2024-01-12,17:30,110,2,T1,E80,Friday,Winter
AC320,2024-01-12,11:15,143,9,T1,E82,Friday,Winter
AA625,2024-01-12,06:30,186,13,T1,E75,Friday,Winter
AC514,2024-01-12,15:15,104,3,T1,E75,Friday,Winter
WS112,2024-01-12,07:15,153,7,T1,E85,Friday,Winter
DL802,2024-01-12,20:00,229,8,T1,E72,Friday,Winter
AC166,2024-01-12,07:45,152,6,T1,E82,Friday,Winter
WS143,2024-01-12,17:00,123,5,T1,E85,Friday,Winter
AA608,2024-01-12,09:45,294,16,T1,E82,Friday,Winter
F8291,2024-01-12,11:30,234,17,T1,E70,Friday,Winter
F8762,2024-01-12,07:45,225,16,T1,E88,Friday,Winter
AC189,2024-01-12,11:45,155,8,T1,E90,Friday,Winter
F8745,2024-01-12,15:00,177,7,T1,E82,Friday,Winter
LH657,2024-01-12,14:30,224,7,T1,E85,Friday,Winter
UA284,2024-01-12,09:30,272,13,T1,E80,Friday,Winter
AC928,2024-01-12,12:30,229,11,T1,E75,Friday,Winter
WS353,2024-01-12,19:15,148,5,T1,E70,Friday,Winter
F8689,2024-01-12,13:30,124,3,T1,E82,Friday,Winter
DL705,2024-01-12,09:30,265,16,T1,E78,Friday,Winter
LH655,2024-01-12,09:15,245,10,T1,E70,Friday,Winter
F8716,2024-01-12,10:00,254,15,T1,E82,Friday,Winter
F8925,2024-01-12,10:30,165,12,T1,E82,Friday,Winter
AC122,2024-01-13,06:15,148,10,T1,E82,Saturday,Winter
WS482,2024-01-13,20:45,230,5,T1,E80,Saturday,Winter
DL239,2024-01-13,08:45,283,22,T1,E82,Saturday,Winter
TS824,2024-01-13,17:30,137,5,T1,E75,Saturday,Winter
AA414,2024-01-13,18:30,112,2,T1,E70,Saturday,Winter
AA971,2024-01-13,12:00,126,4,T1,E78,Saturday,Winter
WS608,2024-01-13,06:30,139,6,T1,E82,Saturday,Winter
TS751,2024-01-13,11:30,234,9,T1,E78,Saturday,Winter
F8809,2024-01-13,08:30,185,13,T1,E70,Saturday,Winter
AC495,2024-01-13,14:45,122,5,T1,E88,Saturday,Winter
AA459,2024-01-13,15:45,105,4,T1,E78,Saturday,Winter
TS562,2024-01-13,09:00,195,7,T1,E80,Saturday,Winter
WS175,2024-01-13,07:15,216,10,T1,E72,Saturday,Winter
BA195,2024-01-13,07:45,300,12,T1,E75,Saturday,Winter
AA260,2024-01-13,06:00,204,9,T1,E78,Saturday,Winter
AA813,2024-01-13,16:30,249,7,T1,E78,Saturday,Winter
WS150,2024-01-13,14:45,119,2,T1,E70,Saturday,Winter
AA189,2024-01-13,07:45,171,7,T1,E78,Saturday,Winter
TS753,2024-01-13,07:00,241,17,T1,E80,Saturday,Winter
AA582,2024-01-13,14:30,103,4,T1,E85,Saturday,Winter
TS479,2024-01-13,12:30,127,4,T1,E80,Saturday,Winter
LH576,2024-01-13,09:15,188,11,T1,E75,Saturday,Winter
WS187,2024-01-13,20:30,218,7,T1,E78,Saturday,Winter
BA162,2024-01-13,13:45,217,8,T1,E88,Saturday,Winter
F8587,2024-01-13,08:00,221,16,T1,E70,Saturday,Winter
BA684,2024-01-13,12:15,110,5,T1,E88,Saturday,Winter
TS271,2024-01-13,09:15,152,6,T1,E72,Saturday,Winter
AA306,2024-01-13,20:15,232,6,T1,E72,Saturday,Winter
WS497,2024-01-13,17:45,221,6,T1,E80,Saturday,Winter
BA569,2024-01-13,07:45,148,8,T1,E75,Saturday,Winter
WS208,2024-01-14,12:00,153,7,T1,E82,Sunday,Winter
AA370,2024-01-14,13:45,226,8,T1,E70,Sunday,Winter
TS382,2024-01-14,15:15,238,9,T1,E85,Sunday,Winter
AC505,2024-01-14,06:15,132,9,T1,E80,Sunday,Winter
DL120,2024-01-14,07:30,199,10,T1,E88,Sunday,Winter
WS989,2024-01-14,11:15,196,15,T1,E88,Sunday,Winter
DL375,2024-01-14,17:00,128,4,T1,E85,Sunday,Winter
LH877,2024-01-14,12:30,94,3,T1,E75,Sunday,Winter
WS418,2024-01-14,20:45,114,4,T1,E90,Sunday,Winter
AC277,2024-01-14,06:15,134,6,T1,E88,Sunday,Winter
AC469,2024-01-14,20:15,150,4,T1,E88,Sunday,Winter
BA506,2024-01-14,21:00,87,2,T1,E88,Sunday,Winter
LH281,2024-01-14,12:30,168,4,T1,E80,Sunday,Winter
WS391,2024-01-14,09:45,132,6,T1,E78,Sunday,Winter
F8762,2024-01-14,10:15,188,12,T1,E90,Sunday,Winter
AC985,2024-01-14,22:00,201,9,T1,E75,Sunday,Winter
AC329,2024-01-14,08:30,284,14,T1,E85,Sunday,Winter
DL570,2024-01-14,08:15,239,12,T1,E90,Sunday,Winter
AA698,2024-01-14,07:00,250,19,T1,E82,Sunday,Winter
BA762,2024-01-14,16:30,156,6,T1,E88,Sunday,Winter
WS444,2024-01-14,11:30,190,9,T1,E80,Sunday,Winter
F8253,2024-01-14,12:15,94,4,T1,E85,Sunday,Winter
DL797,2024-01-14,11:00,287,17,T1,E80,Sunday,Winter
UA528,2024-01-14,15:45,89,3,T1,E78,Sunday,Winter
DL843,2024-01-14,21:15,216,8,T1,E88,Sunday,Winter
DL619,2024-01-14,08:15,288,21,T1,E75,Sunday,Winter
UA199,2024-01-14,12:15,146,6,T1,E90,Sunday,Winter
TS796,2024-01-14,06:00,176,9,T1,E80,Sunday,Winter
AA907,2024-01-14,06:30,186,11,T1,E88,Sunday,Winter
WS581,2024-01-14,06:00,240,18,T1,E90,Sunday,Winter
WS988,2024-01-15,22:45,215,6,T1,E70,Monday,Winter
TS240,2024-01-15,07:30,224,17,T1,E88,Monday,Winter
TS423,2024-01-15,21:15,100,3,T1,E75,Monday,Winter
DL749,2024-01-15,07:00,235,11,T1,E75,Monday,Winter
TS601,2024-01-15,11:15,277,15,T1,E85,Monday,Winter
AA539,2024-01-15,13:45,81,1,T1,E78,Monday,Winter
DL114,2024-01-15,11:15,124,8,T1,E78,Monday,Winter
F8810,2024-01-15,08:30,153,6,T1,E90,Monday,Winter
UA271,2024-01-15,08:00,196,15,T1,E88,Monday,Winter
BA710,2024-01-15,13:30,191,8,T1,E75,Monday,Winter
DL601,2024-01-15,09:15,162,12,T1,E85,Monday,Winter
AC333,2024-01-15,10:15,174,12,T1,E90,Monday,Winter
TS226,2024-01-15,10:00,216,16,T1,E80,Monday,Winter
BA738,2024-01-15,06:00,289,12,T1,E70,Monday,Winter
AC806,2024-01-15,08:45,233,12,T1,E90,Monday,Winter
UA585,2024-01-15,19:15,132,5,T1,E70,Monday,Winter
UA530,2024-01-15,19:00,249,8,T1,E75,Monday,Winter
AA950,2024-01-15,07:00,192,8,T1,E72,Monday,Winter
LH303,2024-01-15,17:15,147,6,T1,E78,Monday,Winter
DL820,2024-01-15,16:30,121,2,T1,E88,Monday,Winter
F8804,2024-01-15,13:30,140,2,T1,E72,Monday,Winter
WS955,2024-01-15,13:45,118,5,T1,E90,Monday,Winter
WS840,2024-01-15,22:00,145,5,T1,E88,Monday,Winter
UA370,2024-01-15,17:00,105,4,T1,E70,Monday,Winter
UA468,2024-01-15,21:30,189,7,T1,E72,Monday,Winter
AC109,2024-01-15,11:15,204,11,T1,E88,Monday,Winter
UA999,2024-01-15,11:30,207,9,T1,E85,Monday,Winter
AA567,2024-01-15,10:45,296,21,T1,E85,Monday,Winter
TS215,2024-01-15,10:00,160,7,T1,E88,Monday,Winter
LH285,2024-01-15,18:45,171,6,T1,E75,Monday,Winter
LH599,2024-01-15,08:45,232,9,T1,E80,Monday,Winter
DL112,2024-01-15,20:15,166,5,T1,E72,Monday,Winter
AA777,2024-01-15,07:45,208,13,T1,E85,Monday,Winter
TS959,2024-01-15,17:00,82,3,T1,E75,Monday,Winter
BA969,2024-01-15,12:45,122,2,T1,E88,Monday,Winter
DL346,2024-01-15,06:30,132,7,T1,E90,Monday,Winter
AA512,2024-01-15,06:00,237,13,T1,E88,Monday,Winter
WS977,2024-01-15,15:45,160,3,T1,E88,Monday,Winter
AC205,2024-01-15,15:45,89,3,T1,E70,Monday,Winter
WS910,2024-01-15,17:30,210,7,T1,E88,Monday,Winter
DL472,2024-01-15,06:15,236,12,T1,E88,Monday,Winter
DL833,2024-01-15,15:00,104,4,T1,E78,Monday,Winter
AC449,2024-01-15,09:30,260,15,T1,E72,Monday,Winter
AC268,2024-01-15,15:15,184,4,T1,E78,Monday,Winter
F8223,2024-01-15,14:15,197,8,T1,E78,Monday,Winter
DL210,2024-01-16,17:00,242,10,T1,E72,Tuesday,Winter
LH568,2024-01-16,19:15,207,4,T1,E70,Tuesday,Winter
BA543,2024-01-16,14:45,210,9,T1,E75,Tuesday,Winter
TS848,2024-01-16,10:00,219,14,T1,E82,Tuesday,Winter
BA493,2024-01-16,17:15,150,4,T1,E82,Tuesday,Winter
UA563,2024-01-16,11:15,225,14,T1,E90,Tuesday,Winter
UA963,2024-01-16,19:30,221,8,T1,E78,Tuesday,Winter
F8739,2024-01-16,21:30,168,8,T1,E75,Tuesday,Winter
TS615,2024-01-16,15:30,109,4,T1,E90,Tuesday,Winter
LH696,2024-01-16,13:45,216,6,T1,E85,Tuesday,Winter
AC635,2024-01-16,07:00,217,9,T1,E70,Tuesday,Winter
F8373,2024-01-16,08:30,294,14,T1,E70,Tuesday,Winter
UA308,2024-01-16,15:00,171,7,T1,E72,Tuesday,Winter
BA985,2024-01-16,10:45,180,10,T1,E80,Tuesday,Winter
AC490,2024-01-16,13:45,160,7,T1,E70,Tuesday,Winter
AC861,2024-01-16,08:15,278,20,T1,E88,Tuesday,Winter
F8748,2024-01-16,20:30,230,8,T1,E78,Tuesday,Winter
F8401,2024-01-16,15:15,99,2,T1,E75,Tuesday,Winter
BA222,2024-01-16,12:00,189,5,T1,E80,Tuesday,Winter
TS264,2024-01-16,14:30,81,2,T1,E75,Tuesday,Winter
AC257,2024-01-16,11:00,280,18,T1,E80,Tuesday,Winter
LH908,2024-01-16,13:30,98,4,T1,E82,Tuesday,Winter
BA325,2024-01-16,11:00,249,11,T1,E90,Tuesday,Winter
BA513,2024-01-16,11:30,176,13,T1,E82,Tuesday,Winter
DL469,2024-01-16,07:15,278,17,T1,E90,Tuesday,Winter
AC217,2024-01-16,20:30,194,5,T1,E78,Tuesday,Winter
AC798,2024-01-16,11:45,149,8,T1,E90,Tuesday,Winter
UA125,2024-01-16,12:30,211,9,T1,E88,Tuesday,Winter
LH144,2024-01-16,07:15,202,12,T1,E72,Tuesday,Winter
TS891,2024-01-16,14:00,240,5,T1,E78,Tuesday,Winter
AA955,2024-01-16,07:15,257,18,T1,E85,Tuesday,Winter
WS864,2024-01-16,22:15,86,2,T1,E82,Tuesday,Winter
AC189,2024-01-16,09:00,165,11,T1,E90,Tuesday,Winter
WS688,2024-01-16,11:30,224,12,T1,E85,Tuesday,Winter
AA423,2024-01-16,08:45,292,13,T1,E70,Tuesday,Winter
WS874,2024-01-16,14:00,98,3,T1,E90,Tuesday,Winter
WS396,2024-01-16,22:30,235,5,T1,E88,Tuesday,Winter
AA504,2024-01-16,19:00,201,4,T1,E78,Tuesday,Winter
TS864,2024-01-16,14:30,242,5,T1,E82,Tuesday,Winter
AC666,2024-01-16,17:15,111,2,T1,E85,Tuesday,Winter
BA660,2024-01-16,10:30,173,12,T1,E82,Tuesday,Winter
F8522,2024-01-16,22:15,121,3,T1,E80,Tuesday,Winter
F8217,2024-01-16,11:00,260,15,T1,E90,Tuesday,Winter
WS397,2024-01-16,20:00,144,3,T1,E88,Tuesday,Winter
DL465,2024-01-16,10:15,145,7,T1,E72,Tuesday,Winter
F8425,2024-01-17,14:45,164,6,T1,E80,Wednesday,Winter
TS679,2024-01-17,12:30,160,7,T1,E75,Wednesday,Winter
AC420,2024-01-17,07:15,284,16,T1,E82,Wednesday,Winter
TS795,2024-01-17,06:45,238,13,T1,E80,Wednesday,Winter
LH664,2024-01-17,07:15,285,18,T1,E80,Wednesday,Winter
TS651,2024-01-17,07:30,280,12,T1,E72,Wednesday,Winter
AC969,2024-01-17,16:00,228,8,T1,E78,Wednesday,Winter
AC664,2024-01-17,09:45,287,20,T1,E82,Wednesday,Winter
AA328,2024-01-17,15:30,114,3,T1,E90,Wednesday,Winter
WS506,2024-01-17,10:00,289,14,T1,E75,Wednesday,Winter
BA243,2024-01-17,15:15,125,4,T1,E75,Wednesday,Winter
LH467,2024-01-17,11:15,244,12,T1,E80,Wednesday,Winter
DL339,2024-01-17,11:15,252,19,T1,E82,Wednesday,Winter
AA580,2024-01-17,16:00,90,4,T1,E82,Wednesday,Winter
WS820,2024-01-17,12:30,147,5,T1,E75,Wednesday,Winter
AA769,2024-01-17,12:30,230,9,T1,E72,Wednesday,Winter
BA357,2024-01-17,12:15,212,6,T1,E82,Wednesday,Winter
LH911,2024-01-17,13:00,208,9,T1,E88,Wednesday,Winter
TS335,2024-01-17,09:30,174,8,T1,E75,Wednesday,Winter
DL716,2024-01-17,21:00,249,6,T1,E82,Wednesday,Winter
WS593,2024-01-17,21:45,202,5,T1,E75,Wednesday,Winter
AA122,2024-01-17,07:00,152,9,T1,E75,Wednesday,Winter
TS744,2024-01-17,17:00,226,5,T1,E75,Wednesday,Winter
UA284,2024-01-17,12:45,233,11,T1,E70,Wednesday,Winter
UA187,2024-01-17,09:45,275,21,T1,E88,Wednesday,Winter
TS324,2024-01-17,16:15,229,10,T1,E75,Wednesday,Winter
BA370,2024-01-17,09:30,236,15,T1,E72,Wednesday,Winter
F8487,2024-01-17,13:15,107,2,T1,E90,Wednesday,Winter
BA800,2024-01-17,17:15,235,5,T1,E88,Wednesday,Winter
AC998,2024-01-17,14:00,103,3,T1,E75,Wednesday,Winter
BA947,2024-01-17,06:45,253,14,T1,E70,Wednesday,Winter
BA539,2024-01-17,11:45,217,11,T1,E72,Wednesday,Winter
AA237,2024-01-17,08:45,179,13,T1,E72,Wednesday,Winter
UA712,2024-01-17,15:45,145,3,T1,E70,Wednesday,Winter
BA220,2024-01-17,12:00,176,6,T1,E82,Wednesday,Winter
AA470,2024-01-17,07:15,229,15,T1,E80,Wednesday,Winter
UA975,2024-01-17,14:45,224,6,T1,E80,Wednesday,Winter
AA873,2024-01-17,08:45,261,18,T1,E88,Wednesday,Winter
TS479,2024-01-17,17:45,144,7,T1,E82,Wednesday,Winter
AA853,2024-01-17,11:00,178,10,T1,E75,Wednesday,Winter
WS319,2024-01-17,17:45,166,7,T1,E70,Wednesday,Winter
TS498,2024-01-17,21:00,103,4,T1,E88,Wednesday,Winter
AA190,2024-01-17,08:30,176,9,T1,E70,Wednesday,Winter
AA510,2024-01-17,18:30,232,5,T1,E75,Wednesday,Winter
LH549,2024-01-17,07:15,288,22,T1,E90,Wednesday,Winter
UA299,2024-01-18,10:15,277,12,T1,E70,Thursday,Winter
DL344,2024-01-18,18:00,120,2,T1,E80,Thursday,Winter
AA461,2024-01-18,20:45,183,6,T1,E90,Thursday,Winter
AC854,2024-01-18,20:00,103,3,T1,E90,Thursday,Winter
DL455,2024-01-18,11:15,275,21,T1,E88,Thursday,Winter
AA688,2024-01-18,06:30,164,9,T1,E72,Thursday,Winter
BA174,2024-01-18,16:30,167,8,T1,E90,Thursday,Winter
UA997,2024-01-18,14:30,193,9,T1,E88,Thursday,Winter
F8875,2024-01-18,07:45,294,17,T1,E70,Thursday,Winter
LH219,2024-01-18,09:00,217,14,T1,E78,Thursday,Winter
F8919,2024-01-18,10:45,210,12,T1,E70,Thursday,Winter
UA354,2024-01-18,06:00,222,14,T1,E82,Thursday,Winter
WS667,2024-01-18,10:45,200,10,T1,E80,Thursday,Winter
TS864,2024-01-18,22:15,207,8,T1,E78,Thursday,Winter
F8993,2024-01-18,09:15,178,8,T1,E78,Thursday,Winter
DL259,2024-01-18,07:00,140,9,T1,E88,Thursday,Winter
AC882,2024-01-18,15:00,203,6,T1,E82,Thursday,Winter
LH688,2024-01-18,11:45,166,13,T1,E90,Thursday,Winter
UA507,2024-01-18,10:15,133,8,T1,E85,Thursday,Winter
LH653,2024-01-18,10:30,220,16,T1,E75,Thursday,Winter
LH223,2024-01-18,19:45,160,6,T1,E70,Thursday,Winter
F8488,2024-01-18,14:00,163,5,T1,E80,Thursday,Winter
TS661,2024-01-18,09:15,188,11,T1,E82,Thursday,Winter
DL288,2024-01-18,15:45,133,4,T1,E82,Thursday,Winter
DL974,2024-01-18,15:30,195,4,T1,E75,Thursday,Winter
F8933,2024-01-18,06:30,180,11,T1,E85,Thursday,Winter
F8249,2024-01-18,07:45,122,5,T1,E88,Thursday,Winter
TS969,2024-01-18,20:30,204,5,T1,E90,Thursday,Winter
AC507,2024-01-18,06:15,135,6,T1,E80,Thursday,Winter
LH959,2024-01-18,20:00,195,8,T1,E80,Thursday,Winter
DL468,2024-01-18,17:30,168,3,T1,E72,Thursday,Winter
DL988,2024-01-18,21:15,227,8,T1,E90,Thursday,Winter
TS899,2024-01-18,06:30,203,13,T1,E88,Thursday,Winter
LH180,2024-01-18,12:30,198,7,T1,E75,Thursday,Winter
TS755,2024-01-18,07:45,281,18,T1,E85,Thursday,Winter
WS181,2024-01-18,08:30,178,9,T1,E80,Thursday,Winter
UA719,2024-01-18,22:45,149,6,T1,E82,Thursday,Winter
BA561,2024-01-18,16:15,127,5,T1,E75,Thursday,Winter
F8777,2024-01-18,08:00,173,8,T1,E72,Thursday,Winter
WS165,2024-01-18,12:00,86,3,T1,E90,Thursday,Winter
WS206,2024-01-18,09:15,141,9,T1,E85,Thursday,Winter
UA334,2024-01-18,07:30,233,15,T1,E75,Thursday,Winter
BA958,2024-01-18,09:00,128,8,T1,E82,Thursday,Winter
LH578,2024-01-18,15:30,220,7,T1,E90,Thursday,Winter
TS705,2024-01-18,16:45,241,10,T1,E85,Thursday,Winter
BA755,2024-01-19,21:30,168,5,T1,E78,Friday,Winter
WS552,2024-01-19,09:30,225,11,T1,E80,Friday,Winter
AC100,2024-01-19,12:15,168,4,T1,E90,Friday,Winter
AC804,2024-01-19,14:45,156,3,T1,E85,Friday,Winter
UA711,2024-01-19,11:00,260,14,T1,E85,Friday,Winter
BA547,2024-01-19,14:15,121,5,T1,E85,Friday,Winter
AA325,2024-01-19,09:00,228,14,T1,E90,Friday,Winter
UA391,2024-01-19,18:30,185,4,T1,E72,Friday,Winter
TS239,2024-01-19,07:00,283,16,T1,E88,Friday,Winter
UA817,2024-01-19,19:45,128,3,T1,E75,Friday,Winter
AC647,2024-01-19,08:15,146,7,T1,E75,Friday,Winter
LH844,2024-01-19,07:15,143,6,T1,E88,Friday,Winter
F8450,2024-01-19,17:30,207,10,T1,E88,Friday,Winter
AC438,2024-01-19,10:15,134,6,T1,E85,Friday,Winter
WS656,2024-01-19,12:15,129,6,T1,E80,Friday,Winter
AA948,2024-01-19,07:00,183,10,T1,E88,Friday,Winter
F8855,2024-01-19,10:15,237,16,T1,E72,Friday,Winter
BA781,2024-01-19,08:45,219,14,T1,E80,Friday,Winter
DL262,2024-01-19,20:00,220,7,T1,E80,Friday,Winter
LH753,2024-01-19,08:15,212,16,T1,E78,Friday,Winter
WS341,2024-01-19,21:45,163,3,T1,E80,Friday,Winter
WS505,2024-01-19,07:00,130,8,T1,E88,Friday,Winter
TS480,2024-01-19,11:15,160,9,T1,E82,Friday,Winter
AC161,2024-01-19,09:15,299,18,T1,E72,Friday,Winter
TS599,2024-01-19,11:30,262,18,T1,E82,Friday,Winter
LH850,2024-01-19,06:00,296,16,T1,E75,Friday,Winter
UA140,2024-01-19,14:45,223,6,T1,E88,Friday,Winter
F8680,2024-01-19,11:30,202,13,T1,E80,Friday,Winter
BA264,2024-01-19,08:15,235,12,T1,E80,Friday,Winter
BA475,2024-01-19,16:00,243,8,T1,E75,Friday,Winter
AC734,2024-01-19,10:15,202,13,T1,E90,Friday,Winter
AA294,2024-01-19,13:45,221,5,T1,E80,Friday,Winter
DL519,2024-01-19,22:30,108,2,T1,E72,Friday,Winter
AC955,2024-01-19,10:15,128,6,T1,E88,Friday,Winter
F8201,2024-01-19,10:45,288,17,T1,E80,Friday,Winter
AC475,2024-01-19,10:00,123,9,T1,E78,Friday,Winter
LH952,2024-01-19,10:45,283,12,T1,E90,Friday,Winter
AA941,2024-01-19,11:00,277,14,T1,E70,Friday,Winter
WS954,2024-01-19,08:00,175,13,T1,E72,Friday,Winter
WS842,2024-01-19,11:45,168,8,T1,E78,Friday,Winter
TS671,2024-01-19,17:45,107,4,T1,E82,Friday,Winter
LH819,2024-01-19,20:45,106,2,T1,E75,Friday,Winter
BA511,2024-01-19,16:30,248,6,T1,E88,Friday,Winter
DL422,2024-01-19,16:30,175,5,T1,E85,Friday,Winter
DL723,2024-01-19,06:15,216,15,T1,E80,Friday,Winter
DL563,2024-01-20,15:45,80,3,T1,E80,Saturday,Winter
AC630,2024-01-20,11:30,121,6,T1,E78,Saturday,Winter
F8976,2024-01-20,10:00,296,21,T1,E90,Saturday,Winter
BA669,2024-01-20,13:15,104,2,T1,E82,Saturday,Winter
TS241,2024-01-20,09:30,269,13,T1,E80,Saturday,Winter
UA194,2024-01-20,13:45,225,10,T1,E72,Saturday,Winter
DL911,2024-01-20,13:15,204,9,T1,E72,Saturday,Winter
UA138,2024-01-20,13:45,100,4,T1,E82,Saturday,Winter
DL936,2024-01-20,13:45,110,5,T1,E78,Saturday,Winter
AC749,2024-01-20,20:45,93,2,T1,E70,Saturday,Winter
DL652,2024-01-20,12:15,163,5,T1,E78,Saturday,Winter
TS151,2024-01-20,21:45,194,8,T1,E90,Saturday,Winter
WS327,2024-01-20,13:30,180,4,T1,E82,Saturday,Winter
WS587,2024-01-20,13:00,220,7,T1,E72,Saturday,Winter
AA613,2024-01-20,13:15,114,3,T1,E78,Saturday,Winter
LH504,2024-01-20,18:15,223,8,T1,E90,Saturday,Winter
F8348,2024-01-20,09:30,230,12,T1,E72,Saturday,Winter
WS787,2024-01-20,16:45,173,5,T1,E82,Saturday,Winter
DL708,2024-01-20,18:00,158,3,T1,E82,Saturday,Winter
LH738,2024-01-20,06:45,131,10,T1,E78,Saturday,Winter
F8801,2024-01-20,11:15,141,6,T1,E70,Saturday,Winter
F8735,2024-01-20,06:30,123,6,T1,E72,Saturday,Winter
UA560,2024-01-20,12:00,164,4,T1,E90,Saturday,Winter
F8308,2024-01-20,15:30,220,7,T1,E75,Saturday,Winter
AC485,2024-01-20,14:00,145,3,T1,E80,Saturday,Winter
F8908,2024-01-20,19:30,93,3,T1,E70,Saturday,Winter
WS497,2024-01-20,19:30,249,11,T1,E82,Saturday,Winter
WS119,2024-01-20,07:45,179,14,T1,E90,Saturday,Winter
WS423,2024-01-20,14:00,127,3,T1,E88,Saturday,Winter
BA829,2024-01-20,08:00,183,14,T1,E80,Saturday,Winter
DL601,2024-01-21,14:15,84,2,T1,E82,Sunday,Winter
DL740,2024-01-21,08:15,248,12,T1,E70,Sunday,Winter
UA999,2024-01-21,13:00,222,10,T1,E78,Sunday,Winter
TS449,2024-01-21,14:15,102,4,T1,E90,Sunday,Winter
F8527,2024-01-21,06:15,229,18,T1,E82,Sunday,Winter
LH655,2024-01-21,10:15,287,13,T1,E90,Sunday,Winter
F8983,2024-01-21,11:30,296,20,T1,E90,Sunday,Winter
TS540,2024-01-21,06:15,201,8,T1,E90,Sunday,Winter
WS288,2024-01-21,10:15,127,8,T1,E85,Sunday,Winter
AA410,2024-01-21,14:30,118,5,T1,E72,Sunday,Winter
TS289,2024-01-21,09:30,275,17,T1,E78,Sunday,Winter
F8336,2024-01-21,22:00,171,3,T1,E88,Sunday,Winter
TS614,2024-01-21,17:45,246,7,T1,E85,Sunday,Winter
LH585,2024-01-21,11:15,169,8,T1,E85,Sunday,Winter
AC376,2024-01-21,16:15,131,5,T1,E72,Sunday,Winter
TS549,2024-01-21,18:45,163,7,T1,E78,Sunday,Winter
AA514,2024-01-21,11:45,200,11,T1,E90,Sunday,Winter
BA756,2024-01-21,20:00,213,4,T1,E88,Sunday,Winter
AC998,2024-01-21,07:45,130,8,T1,E90,Sunday,Winter
AC294,2024-01-21,07:45,221,16,T1,E80,Sunday,Winter
LH270,2024-01-21,12:30,236,11,T1,E90,Sunday,Winter
TS574,2024-01-21,22:45,103,4,T1,E72,Sunday,Winter
TS897,2024-01-21,14:15,180,5,T1,E88,Sunday,Winter
AC283,2024-01-21,16:15,196,4,T1,E82,Sunday,Winter
TS835,2024-01-21,09:00,149,10,T1,E82,Sunday,Winter
WS636,2024-01-21,20:45,210,8,T1,E75,Sunday,Winter
AA663,2024-01-21,12:00,123,5,T1,E75,Sunday,Winter
TS989,2024-01-21,06:15,133,7,T1,E80,Sunday,Winter
LH395,2024-01-21,20:15,110,5,T1,E78,Sunday,Winter
AC737,2024-01-21,08:00,237,14,T1,E88,Sunday,Winter
BA926,2024-01-22,06:45,180,8,T1,E88,Monday,Winter
LH519,2024-01-22,14:00,233,8,T1,E78,Monday,Winter
BA384,2024-01-22,19:15,92,2,T1,E70,Monday,Winter
DL137,2024-01-22,06:00,290,18,T1,E80,Monday,Winter
DL189,2024-01-22,06:00,226,18,T1,E75,Monday,Winter
UA725,2024-01-22,19:15,196,8,T1,E82,Monday,Winter
AC195,2024-01-22,08:30,214,16,T1,E72,Monday,Winter
AA963,2024-01-22,16:00,154,5,T1,E72,Monday,Winter
UA437,2024-01-22,13:45,214,5,T1,E78,Monday,Winter
AC211,2024-01-22,13:00,203,8,T1,E80,Monday,Winter
AA723,2024-01-22,10:30,254,16,T1,E82,Monday,Winter
TS729,2024-01-22,12:45,213,8,T1,E88,Monday,Winter
LH927,2024-01-22,11:15,194,15,T1,E70,Monday,Winter
WS124,2024-01-22,17:00,133,5,T1,E85,Monday,Winter
AA146,2024-01-22,06:30,263,18,T1,E78,Monday,Winter
AC755,2024-01-22,07:30,185,13,T1,E80,Monday,Winter
UA618,2024-01-22,16:30,81,1,T1,E82,Monday,Winter
DL505,2024-01-22,22:00,124,3,T1,E82,Monday,Winter
LH585,2024-01-22,10:15,243,11,T1,E88,Monday,Winter
BA443,2024-01-22,17:45,94,4,T1,E80,Monday,Winter
DL668,2024-01-22,14:00,133,4,T1,E82,Monday,Winter
DL167,2024-01-22,07:30,127,6,T1,E85,Monday,Winter
BA962,2024-01-22,09:45,167,10,T1,E80,Monday,Winter
DL826,2024-01-22,10:30,225,9,T1,E78,Monday,Winter
DL562,2024-01-22,08:15,254,13,T1,E72,Monday,Winter
DL903,2024-01-22,10:15,143,8,T1,E70,Monday,Winter
LH612,2024-01-22,07:15,207,15,T1,E90,Monday,Winter
UA894,2024-01-22,11:15,145,10,T1,E90,Monday,Winter
TS310,2024-01-22,22:00,197,6,T1,E90,Monday,Winter
WS104,2024-01-22,09:00,295,21,T1,E72,Monday,Winter
DL578,2024-01-22,11:00,253,17,T1,E80,Monday,Winter
AC691,2024-01-22,09:15,202,9,T1,E80,Monday,Winter
UA645,2024-01-22,10:45,291,13,T1,E75,Monday,Winter
TS380,2024-01-22,08:00,279,17,T1,E72,Monday,Winter
F8655,2024-01-22,08:30,189,8,T1,E80,Monday,Winter
F8275,2024-01-22,09:30,276,20,T1,E90,Monday,Winter
LH151,2024-01-22,10:00,240,18,T1,E70,Monday,Winter
WS492,2024-01-22,06:00,229,12,T1,E88,Monday,Winter
DL419,2024-01-22,06:15,291,21,T1,E72,Monday,Winter
LH681,2024-01-22,10:00,298,17,T1,E88,Monday,Winter
UA800,2024-01-22,22:45,200,5,T1,E78,Monday,Winter
TS981,2024-01-22,18:30,173,5,T1,E82,Monday,Winter
DL564,2024-01-22,14:00,96,3,T1,E82,Monday,Winter
LH572,2024-01-22,09:30,209,13,T1,E75,Monday,Winter
BA205,2024-01-22,15:00,163,5,T1,E72,Monday,Winter
UA645,2024-01-23,17:45,231,7,T1,E78,Tuesday,Winter
BA262,2024-01-23,13:45,96,2,T1,E85,Tuesday,Winter
AA680,2024-01-23,07:15,164,10,T1,E72,Tuesday,Winter
LH217,2024-01-23,15:45,163,5,T1,E88,Tuesday,Winter
TS415,2024-01-23,15:00,233,5,T1,E85,Tuesday,Winter
DL606,2024-01-23,22:00,103,2,T1,E75,Tuesday,Winter
AC875,2024-01-23,06:15,235,14,T1,E85,Tuesday,Winter
LH300,2024-01-23,08:30,196,12,T1,E80,Tuesday,Winter
AA835,2024-01-23,08:00,269,10,T1,E90,Tuesday,Winter
AA967,2024-01-23,10:30,135,7,T1,E90,Tuesday,Winter
AC100,2024-01-23,20:30,108,4,T1,E70,Tuesday,Winter
F8542,2024-01-23,19:45,240,7,T1,E85,Tuesday,Winter
AA490,2024-01-23,13:15,249,6,T1,E75,Tuesday,Winter
F8668,2024-01-23,13:30,186,4,T1,E75,Tuesday,Winter
TS111,2024-01-23,09:00,156,10,T1,E88,Tuesday,Winter
AA239,2024-01-23,10:15,284,20,T1,E88,Tuesday,Winter
AA738,2024-01-23,11:45,250,14,T1,E88,Tuesday,Winter
AA463,2024-01-23,10:15,228,14,T1,E88,Tuesday,Winter
F8829,2024-01-23,16:30,185,8,T1,E82,Tuesday,Winter
AC138,2024-01-23,12:45,174,4,T1,E88,Tuesday,Winter
WS245,2024-01-23,13:30,199,7,T1,E90,Tuesday,Winter
WS351,2024-01-23,12:00,242,8,T1,E80,Tuesday,Winter
AC451,2024-01-23,14:00,200,6,T1,E88,Tuesday,Winter
DL531,2024-01-23,09:30,194,9,T1,E80,Tuesday,Winter
UA162,2024-01-23,20:45,228,5,T1,E70,Tuesday,Winter
UA928,2024-01-23,19:00,153,5,T1,E75,Tuesday,Winter
BA178,2024-01-23,11:30,153,9,T1,E80,Tuesday,Winter
UA114,2024-01-23,08:15,271,18,T1,E88,Tuesday,Winter
DL927,2024-01-23,10:30,299,14,T1,E75,Tuesday,Winter
BA982,2024-01-23,10:30,141,11,T1,E75,Tuesday,Winter
LH870,2024-01-23,16:45,140,5,T1,E75,Tuesday,Winter
F8691,2024-01-23,08:00,284,14,T1,E72,Tuesday,Winter
AC271,2024-01-23,17:45,201,5,T1,E90,Tuesday,Winter
F8488,2024-01-23,22:45,201,5,T1,E90,Tuesday,Winter
AA112,2024-01-23,06:45,217,14,T1,E90,Tuesday,Winter
AC199,2024-01-23,14:30,190,7,T1,E80,Tuesday,Winter
DL376,2024-01-23,10:00,185,12,T1,E85,Tuesday,Winter
LH891,2024-01-23,21:15,230,9,T1,E90,Tuesday,Winter
DL793,2024-01-23,18:15,160,5,T1,E70,Tuesday,Winter
WS112,2024-01-23,16:00,214,4,T1,E88,Tuesday,Winter
DL324,2024-01-23,22:30,144,3,T1,E70,Tuesday,Winter
WS158,2024-01-23,16:15,233,9,T1,E72,Tuesday,Winter
WS976,2024-01-23,17:15,176,6,T1,E75,Tuesday,Winter
WS812,2024-01-23,11:30,195,11,T1,E72,Tuesday,Winter
LH383,2024-01-23,12:30,145,3,T1,E72,Tuesday,Winter
UA895,2024-01-24,07:45,219,11,T1,E70,Wednesday,Winter
UA932,2024-01-24,09:15,232,9,T1,E78,Wednesday,Winter
AA282,2024-01-24,22:45,107,2,T1,E85,Wednesday,Winter
F8728,2024-01-24,22:00,193,8,T1,E72,Wednesday,Winter
AC174,2024-01-24,09:30,234,9,T1,E88,Wednesday,Winter
TS768,2024-01-24,21:00,89,3,T1,E80,Wednesday,Winter
TS816,2024-01-24,06:45,267,10,T1,E88,Wednesday,Winter
LH546,2024-01-24,15:00,218,5,T1,E85,Wednesday,Winter
LH224,2024-01-24,12:30,165,6,T1,E85,Wednesday,Winter
AC747,2024-01-24,22:00,173,6,T1,E82,Wednesday,Winter
WS961,2024-01-24,16:30,245,6,T1,E90,Wednesday,Winter
AC493,2024-01-24,19:15,156,6,T1,E72,Wednesday,Winter
DL598,2024-01-24,10:45,168,7,T1,E78,Wednesday,Winter
AC837,2024-01-24,15:15,205,6,T1,E90,Wednesday,Winter
UA611,2024-01-24,14:45,84,1,T1,E70,Wednesday,Winter
DL906,2024-01-24,22:00,183,4,T1,E90,Wednesday,Winter
LH794,2024-01-24,14:15,228,6,T1,E72,Wednesday,Winter
AC853,2024-01-24,06:45,287,11,T1,E70,Wednesday,Winter
F8818,2024-01-24,18:15,83,2,T1,E70,Wednesday,Winter
UA940,2024-01-24,06:45,276,12,T1,E72,Wednesday,Winter
WS216,2024-01-24,15:15,96,4,T1,E85,Wednesday,Winter
DL930,2024-01-24,21:45,163,3,T1,E90,Wednesday,Winter
TS429,2024-01-24,09:00,271,12,T1,E72,Wednesday,Winter
WS380,2024-01-24,06:45,163,11,T1,E90,Wednesday,Winter
TS549,2024-01-24,07:00,154,6,T1,E85,Wednesday,Winter
TS116,2024-01-24,14:00,81,1,T1,E72,Wednesday,Winter
UA526,2024-01-24,18:45,112,2,T1,E80,Wednesday,Winter
BA561,2024-01-24,16:15,124,4,T1,E70,Wednesday,Winter
TS834,2024-01-24,15:00,240,10,T1,E80,Wednesday,Winter
DL528,2024-01-24,06:15,169,7,T1,E90,Wednesday,Winter
WS733,2024-01-24,10:15,238,16,T1,E78,Wednesday,Winter
UA154,2024-01-24,06:00,158,10,T1,E88,Wednesday,Winter
LH280,2024-01-24,08:00,133,8,T1,E80,Wednesday,Winter
F8545,2024-01-24,08:30,277,20,T1,E88,Wednesday,Winter
AC206,2024-01-24,06:15,160,11,T1,E88,Wednesday,Winter
BA218,2024-01-24,09:15,233,14,T1,E82,Wednesday,Winter
AA303,2024-01-24,21:30,138,5,T1,E82,Wednesday,Winter
F8200,2024-01-24,06:45,171,9,T1,E78,Wednesday,Winter
WS582,2024-01-24,14:45,93,4,T1,E75,Wednesday,Winter
F8724,2024-01-24,16:15,179,5,T1,E88,Wednesday,Winter
F8747,2024-01-24,09:30,171,9,T1,E70,Wednesday,Winter
AC387,2024-01-24,11:00,239,13,T1,E75,Wednesday,Winter
DL325,2024-01-24,07:15,283,22,T1,E75,Wednesday,Winter
BA975,2024-01-24,11:00,225,16,T1,E88,Wednesday,Winter
F8705,2024-01-24,12:45,151,3,T1,E85,Wednesday,Winter
F8353,2024-01-25,11:45,268,13,T1,E75,Thursday,Winter
AC527,2024-01-25,11:00,240,16,T1,E90,Thursday,Winter
AC535,2024-01-25,13:45,202,8,T1,E72,Thursday,Winter
LH607,2024-01-25,06:00,262,18,T1,E85,Thursday,Winter
F8235,2024-01-25,09:30,181,11,T1,E72,Thursday,Winter
AC591,2024-01-25,20:30,121,4,T1,E70,Thursday,Winter
LH574,2024-01-25,11:45,167,11,T1,E82,Thursday,Winter
LH820,2024-01-25,21:00,240,5,T1,E82,Thursday,Winter
BA133,2024-01-25,07:45,189,12,T1,E90,Thursday,Winter
F8906,2024-01-25,22:00,238,11,T1,E70,Thursday,Winter
BA790,2024-01-25,10:00,148,8,T1,E88,Thursday,Winter
AC474,2024-01-25,10:15,285,17,T1,E72,Thursday,Winter
BA826,2024-01-25,08:15,205,10,T1,E72,Thursday,Winter
LH855,2024-01-25,14:15,137,4,T1,E80,Thursday,Winter
BA796,2024-01-25,12:30,93,2,T1,E82,Thursday,Winter
LH597,2024-01-25,16:00,200,8,T1,E90,Thursday,Winter
UA562,2024-01-25,19:30,96,2,T1,E88,Thursday,Winter
WS182,2024-01-25,14:15,153,7,T1,E72,Thursday,Winter
WS268,2024-01-25,11:00,298,13,T1,E75,Thursday,Winter
F8633,2024-01-25,20:00,155,5,T1,E90,Thursday,Winter
TS585,2024-01-25,08:45,233,16,T1,E70,Thursday,Winter
UA293,2024-01-25,08:00,179,13,T1,E90,Thursday,Winter
DL521,2024-01-25,14:30,247,9,T1,E82,Thursday,Winter
LH707,2024-01-25,20:45,197,5,T1,E75,Thursday,Winter
UA275,2024-01-25,09:15,243,13,T1,E80,Thursday,Winter
AC251,2024-01-25,09:30,236,18,T1,E75,Thursday,Winter
BA392,2024-01-25,11:15,297,22,T1,E75,Thursday,Winter
TS343,2024-01-25,08:00,201,12,T1,E88,Thursday,Winter
UA478,2024-01-25,11:15,263,17,T1,E82,Thursday,Winter
DL251,2024-01-25,11:45,258,20,T1,E90,Thursday,Winter
UA224,2024-01-25,09:45,247,17,T1,E88,Thursday,Winter
DL259,2024-01-25,06:30,285,19,T1,E88,Thursday,Winter
UA872,2024-01-25,13:15,224,9,T1,E88,Thursday,Winter
DL805,2024-01-25,08:45,130,5,T1,E90,Thursday,Winter
WS415,2024-01-25,09:45,278,20,T1,E88,Thursday,Winter
DL194,2024-01-25,11:00,275,18,T1,E90,Thursday,Winter
F8900,2024-01-25,11:15,125,5,T1,E88,Thursday,Winter
WS624,2024-01-25,14:15,205,6,T1,E90,Thursday,Winter
AC782,2024-01-25,10:45,157,10,T1,E85,Thursday,Winter
DL495,2024-01-25,11:00,192,10,T1,E80,Thursday,Winter
LH995,2024-01-25,17:00,135,5,T1,E88,Thursday,Winter
AA922,2024-01-25,14:30,121,5,T1,E85,Thursday,Winter
AA242,2024-01-25,15:00,116,3,T1,E88,Thursday,Winter
BA443,2024-01-25,08:45,142,5,T1,E80,Thursday,Winter
AA279,2024-01-25,17:45,225,9,T1,E75,Thursday,Winter
F8290,2024-01-26,12:30,221,7,T1,E80,Friday,Winter
UA605,2024-01-26,17:45,137,2,T1,E70,Friday,Winter
TS368,2024-01-26,08:45,151,9,T1,E80,Friday,Winter
AA283,2024-01-26,14:15,87,2,T1,E80,Friday,Winter
LH168,2024-01-26,16:30,228,7,T1,E85,Friday,Winter
UA743,2024-01-26,22:45,110,3,T1,E70,Friday,Winter
UA266,2024-01-26,14:00,117,3,T1,E75,Friday,Winter
DL267,2024-01-26,06:30,212,12,T1,E82,Friday,Winter
AC396,2024-01-26,07:00,251,11,T1,E75,Friday,Winter
WS713,2024-01-26,09:30,200,14,T1,E80,Friday,Winter
UA801,2024-01-26,19:30,104,3,T1,E82,Friday,Winter
TS113,2024-01-26,11:30,215,15,T1,E85,Friday,Winter
DL266,2024-01-26,07:15,159,9,T1,E78,Friday,Winter
BA728,2024-01-26,18:00,186,6,T1,E72,Friday,Winter
WS938,2024-01-26,10:00,242,13,T1,E82,Friday,Winter
TS936,2024-01-26,14:30,124,5,T1,E70,Friday,Winter
WS327,2024-01-26,10:15,296,14,T1,E75,Friday,Winter
F8233,2024-01-26,10:45,296,20,T1,E72,Friday,Winter
WS119,2024-01-26,13:45,90,2,T1,E70,Friday,Winter
BA707,2024-01-26,07:45,150,11,T1,E70,Friday,Winter
WS408,2024-01-26,20:00,104,4,T1,E78,Friday,Winter
F8289,2024-01-26,20:30,87,1,T1,E80,Friday,Winter
DL460,2024-01-26,08:15,249,15,T1,E72,Friday,Winter
AC641,2024-01-26,09:15,192,8,T1,E90,Friday,Winter
AC842,2024-01-26,06:15,249,18,T1,E88,Friday,Winter
DL814,2024-01-26,15:15,192,7,T1,E72,Friday,Winter
TS954,2024-01-26,09:45,228,11,T1,E78,Friday,Winter
AA215,2024-01-26,10:00,239,10,T1,E75,Friday,Winter
LH880,2024-01-26,10:30,262,18,T1,E72,Friday,Winter
DL605,2024-01-26,08:45,192,11,T1,E80,Friday,Winter
LH331,2024-01-26,16:45,154,7,T1,E85,Friday,Winter
F8977,2024-01-26,08:45,293,16,T1,E70,Friday,Winter
LH788,2024-01-26,07:45,232,14,T1,E72,Friday,Winter
WS246,2024-01-26,14:45,231,11,T1,E75,Friday,Winter
WS472,2024-01-26,07:30,171,10,T1,E85,Friday,Winter
WS338,2024-01-26,12:45,151,6,T1,E80,Friday,Winter
AA464,2024-01-26,12:45,204,7,T1,E75,Friday,Winter
LH210,2024-01-26,09:30,245,14,T1,E75,Friday,Winter
AC201,2024-01-26,06:00,247,16,T1,E75,Friday,Winter
AA719,2024-01-26,21:30,119,3,T1,E72,Friday,Winter
WS776,2024-01-26,12:45,199,5,T1,E88,Friday,Winter
LH616,2024-01-26,09:30,258,15,T1,E70,Friday,Winter
AA221,2024-01-26,13:45,160,7,T1,E88,Friday,Winter
LH136,2024-01-26,10:15,262,17,T1,E80,Friday,Winter
TS603,2024-01-26,13:15,159,6,T1,E88,Friday,Winter
WS682,2024-01-27,21:45,248,9,T1,E90,Saturday,Winter
LH587,2024-01-27,17:15,209,4,T1,E80,Saturday,Winter
LH705,2024-01-27,12:30,152,4,T1,E70,Saturday,Winter
AC231,2024-01-27,10:30,269,11,T1,E82,Saturday,Winter
AA199,2024-01-27,12:30,171,5,T1,E70,Saturday,Winter
F8353,2024-01-27,06:30,271,11,T1,E72,Saturday,Winter
UA217,2024-01-27,07:15,125,7,T1,E70,Saturday,Winter
LH773,2024-01-27,12:45,148,3,T1,E88,Saturday,Winter
AC424,2024-01-27,12:45,162,6,T1,E88,Saturday,Winter
WS807,2024-01-27,21:15,166,5,T1,E82,Saturday,Winter
TS729,2024-01-27,08:30,231,11,T1,E72,Saturday,Winter
BA319,2024-01-27,06:30,132,6,T1,E85,Saturday,Winter
F8739,2024-01-27,11:00,271,14,T1,E72,Saturday,Winter
BA586,2024-01-27,12:15,168,7,T1,E80,Saturday,Winter
BA923,2024-01-27,08:45,289,17,T1,E78,Saturday,Winter
AA511,2024-01-27,08:45,291,20,T1,E75,Saturday,Winter
AC742,2024-01-27,20:15,227,7,T1,E88,Saturday,Winter
UA753,2024-01-27,14:45,224,9,T1,E70,Saturday,Winter
BA305,2024-01-27,10:45,157,7,T1,E80,Saturday,Winter
AA520,2024-01-27,10:00,282,13,T1,E85,Saturday,Winter
UA943,2024-01-27,06:15,185,12,T1,E78,Saturday,Winter
AA344,2024-01-27,08:15,169,6,T1,E80,Saturday,Winter
LH597,2024-01-27,17:45,188,7,T1,E70,Saturday,Winter
F8263,2024-01-27,10:15,127,6,T1,E80,Saturday,Winter
BA280,2024-01-27,22:00,204,8,T1,E70,Saturday,Winter
WS421,2024-01-27,17:30,96,4,T1,E85,Saturday,Winter
DL787,2024-01-27,19:00,181,8,T1,E75,Saturday,Winter
F8214,2024-01-27,13:00,213,8,T1,E90,Saturday,Winter
UA608,2024-01-27,11:15,273,12,T1,E82,Saturday,Winter
DL952,2024-01-27,14:45,140,6,T1,E78,Saturday,Winter
TS209,2024-01-28,10:15,190,10,T1,E80,Sunday,Winter
AC602,2024-01-28,14:30,108,3,T1,E85,Sunday,Winter
LH799,2024-01-28,07:30,157,8,T1,E82,Sunday,Winter
UA121,2024-01-28,22:00,249,10,T1,E70,Sunday,Winter
F8359,2024-01-28,16:45,159,6,T1,E82,Sunday,Winter
WS647,2024-01-28,06:45,219,8,T1,E85,Sunday,Winter
UA408,2024-01-28,11:15,196,9,T1,E75,Sunday,Winter
LH746,2024-01-28,10:45,128,6,T1,E72,Sunday,Winter
LH582,2024-01-28,16:30,188,8,T1,E72,Sunday,Winter
TS815,2024-01-28,09:00,210,11,T1,E90,Sunday,Winter
DL564,2024-01-28,18:00,93,3,T1,E75,Sunday,Winter
LH910,2024-01-28,22:15,80,2,T1,E80,Sunday,Winter
DL689,2024-01-28,10:00,160,7,T1,E75,Sunday,Winter
AA911,2024-01-28,10:45,242,18,T1,E75,Sunday,Winter
UA277,2024-01-28,22:30,152,3,T1,E85,Sunday,Winter
DL286,2024-01-28,14:45,226,6,T1,E70,Sunday,Winter
BA762,2024-01-28,18:15,102,5,T1,E78,Sunday,Winter
UA818,2024-01-28,09:00,222,14,T1,E80,Sunday,Winter
TS191,2024-01-28,11:15,265,11,T1,E90,Sunday,Winter
AA891,2024-01-28,16:45,110,2,T1,E78,Sunday,Winter
F8982,2024-01-28,10:30,246,13,T1,E85,Sunday,Winter
F8714,2024-01-28,09:30,293,13,T1,E75,Sunday,Winter
AA911,2024-01-28,06:00,194,15,T1,E78,Sunday,Winter
LH354,2024-01-28,11:45,141,5,T1,E75,Sunday,Winter
DL809,2024-01-28,14:15,178,7,T1,E80,Sunday,Winter
WS197,2024-01-28,17:00,93,2,T1,E78,Sunday,Winter
LH462,2024-01-28,17:00,81,2,T1,E85,Sunday,Winter
UA504,2024-01-28,20:30,113,5,T1,E90,Sunday,Winter
AC694,2024-01-28,10:30,163,9,T1,E82,Sunday,Winter
LH235,2024-01-28,11:30,255,14,T1,E80,Sunday,Winter
WS420,2024-01-29,11:15,247,18,T1,E80,Monday,Winter
DL540,2024-01-29,06:30,276,20,T1,E80,Monday,Winter
BA420,2024-01-29,13:15,160,6,T1,E88,Monday,Winter
TS669,2024-01-29,19:45,93,2,T1,E70,Monday,Winter
F8287,2024-01-29,10:45,186,8,T1,E88,Monday,Winter
AA218,2024-01-29,15:00,193,5,T1,E90,Monday,Winter
LH568,2024-01-29,15:00,117,2,T1,E72,Monday,Winter
F8989,2024-01-29,06:15,163,11,T1,E80,Monday,Winter
F8697,2024-01-29,06:15,226,17,T1,E78,Monday,Winter
LH793,2024-01-29,06:30,126,6,T1,E72,Monday,Winter
AA482,2024-01-29,15:00,162,3,T1,E72,Monday,Winter
LH950,2024-01-29,20:45,196,7,T1,E80,Monday,Winter
AC437,2024-01-29,11:45,203,15,T1,E75,Monday,Winter
F8983,2024-01-29,06:30,202,14,T1,E72,Monday,Winter
BA716,2024-01-29,12:00,182,5,T1,E78,Monday,Winter
AA191,2024-01-29,08:15,161,8,T1,E85,Monday,Winter
UA762,2024-01-29,18:15,110,3,T1,E85,Monday,Winter
UA801,2024-01-29,17:15,171,6,T1,E82,Monday,Winter
BA304,2024-01-29,14:45,179,6,T1,E85,Monday,Winter
WS874,2024-01-29,12:30,237,6,T1,E85,Monday,Winter
WS141,2024-01-29,17:30,198,7,T1,E75,Monday,Winter
LH639,2024-01-29,20:00,154,5,T1,E72,Monday,Winter
LH407,2024-01-29,07:15,295,22,T1,E78,Monday,Winter
BA537,2024-01-29,07:00,261,11,T1,E70,Monday,Winter
BA210,2024-01-29,17:45,185,4,T1,E80,Monday,Winter
DL360,2024-01-29,14:00,208,4,T1,E88,Monday,Winter
TS905,2024-01-29,11:45,131,5,T1,E80,Monday,Winter
DL701,2024-01-29,22:45,195,7,T1,E80,Monday,Winter
DL992,2024-01-29,11:15,167,7,T1,E80,Monday,Winter
WS544,2024-01-29,14:00,81,2,T1,E70,Monday,Winter
TS771,2024-01-29,13:45,183,8,T1,E88,Monday,Winter
UA733,2024-01-29,18:30,181,7,T1,E72,Monday,Winter
TS238,2024-01-29,07:15,148,10,T1,E78,Monday,Winter
AC314,2024-01-29,13:15,246,6,T1,E90,Monday,Winter
F8188,2024-01-29,08:45,157,9,T1,E70,Monday,Winter
WS270,2024-01-29,07:45,244,14,T1,E88,Monday,Winter
F8306,2024-01-29,07:45,133,7,T1,E72,Monday,Winter
AA525,2024-01-29,15:30,89,3,T1,E88,Monday,Winter
BA705,2024-01-29,22:45,139,5,T1,E90,Monday,Winter
AC532,2024-01-29,13:30,221,4,T1,E85,Monday,Winter
LH219,2024-01-29,15:30,194,7,T1,E70,Monday,Winter
TS394,2024-01-29,22:15,200,6,T1,E78,Monday,Winter
BA324,2024-01-29,15:30,234,10,T1,E88,Monday,Winter
TS400,2024-01-29,22:45,186,8,T1,E82,Monday,Winter
LH918,2024-01-29,08:15,192,12,T1,E72,Monday,Winter
LH232,2024-01-30,10:15,160,10,T1,E72,Tuesday,Winter
AA605,2024-01-30,08:15,173,10,T1,E70,Tuesday,Winter
DL367,2024-01-30,09:15,164,11,T1,E90,Tuesday,Winter
AC926,2024-01-30,08:30,230,10,T1,E78,Tuesday,Winter
WS675,2024-01-30,10:45,186,14,T1,E82,Tuesday,Winter
AC888,2024-01-30,17:30,118,5,T1,E90,Tuesday,Winter
WS823,2024-01-30,06:45,237,18,T1,E72,Tuesday,Winter
WS900,2024-01-30,18:00,223,4,T1,E72,Tuesday,Winter
TS745,2024-01-30,09:15,212,9,T1,E80,Tuesday,Winter
LH880,2024-01-30,16:45,105,2,T1,E82,Tuesday,Winter
DL938,2024-01-30,11:00,171,9,T1,E85,Tuesday,Winter
AC351,2024-01-30,12:30,153,5,T1,E72,Tuesday,Winter
UA481,2024-01-30,21:45,172,6,T1,E78,Tuesday,Winter
TS871,2024-01-30,13:45,138,3,T1,E85,Tuesday,Winter
AA519,2024-01-30,16:30,87,2,T1,E70,Tuesday,Winter
BA171,2024-01-30,10:30,200,11,T1,E75,Tuesday,Winter
AA162,2024-01-30,14:00,249,11,T1,E75,Tuesday,Winter
AC746,2024-01-30,21:30,187,5,T1,E90,Tuesday,Winter
UA838,2024-01-30,10:30,122,8,T1,E90,Tuesday,Winter
TS817,2024-01-30,15:45,244,6,T1,E90,Tuesday,Winter
LH814,2024-01-30,08:45,170,12,T1,E72,Tuesday,Winter
AC650,2024-01-30,06:45,152,9,T1,E90,Tuesday,Winter
UA318,2024-01-30,11:30,253,13,T1,E75,Tuesday,Winter
AC128,2024-01-30,15:30,141,6,T1,E80,Tuesday,Winter
AA617,2024-01-30,08:00,215,10,T1,E90,Tuesday,Winter
DL226,2024-01-30,06:00,234,12,T1,E70,Tuesday,Winter
LH447,2024-01-30,06:15,209,10,T1,E75,Tuesday,Winter
AA632,2024-01-30,07:00,203,12,T1,E78,Tuesday,Winter
DL565,2024-01-30,06:15,228,16,T1,E72,Tuesday,Winter
WS163,2024-01-30,12:15,201,5,T1,E72,Tuesday,Winter
DL793,2024-01-30,13:45,230,8,T1,E85,Tuesday,Winter
UA698,2024-01-30,15:45,192,7,T1,E88,Tuesday,Winter
AA943,2024-01-30,08:15,249,11,T1,E88,Tuesday,Winter
TS821,2024-01-30,17:00,134,4,T1,E70,Tuesday,Winter
TS672,2024-01-30,11:00,274,20,T1,E72,Tuesday,Winter
WS478,2024-01-30,13:30,90,3,T1,E72,Tuesday,Winter
DL412,2024-01-30,11:30,195,11,T1,E75,Tuesday,Winter
TS902,2024-01-30,15:45,92,4,T1,E80,Tuesday,Winter
UA320,2024-01-30,11:45,120,5,T1,E82,Tuesday,Winter
WS991,2024-01-30,11:45,243,15,T1,E88,Tuesday,Winter
DL900,2024-01-30,12:45,235,5,T1,E75,Tuesday,Winter
BA751,2024-01-30,16:45,250,8,T1,E82,Tuesday,Winter
WS919,2024-01-30,19:45,179,4,T1,E85,Tuesday,Winter
DL653,2024-01-30,11:45,191,12,T1,E75,Tuesday,Winter
AC685,2024-01-30,20:30,223,8,T1,E90,Tuesday,Winter
